epoch,steps,cosine_accuracy,cosine_accuracy_threshold,cosine_f1,cosine_precision,cosine_recall,cosine_f1_threshold,cosine_ap,cosine_mcc
1.0,60,0.966804979253112,0.9047619047619047,0.926829268292683,0.8837209302325582,0.9343675089640613,0.8850431176298366
1.0,60,0.9626556016597511,0.891566265060241,0.925,0.8604651162790697,0.9469838687660843,0.8698746112045603
2.0,120,0.9626556016597511,0.891566265060241,0.925,0.8604651162790697,0.9584895095387469,0.8698746112045603
